{"cameraMode":{"drawMode":0,"name":"Shaded","section":"Shading Mode"},"sceneLighting":true,"audioPlay":false,"sceneViewState":{"m_AlwaysRefresh":true,"showFog":true,"showSkybox":true,"showFlares":true,"showImageEffects":true,"showParticleSystems":true,"showVisualEffectGraphs":true,"m_FxEnabled":true},"in2DMode":false,"pivot":{"x":4.680844306945801,"y":2.0238068103790285,"z":5.9079670906066898},"rotation":{"x":0.3323305547237396,"y":0.03394417464733124,"z":-0.011966877616941929,"w":0.9424840211868286},"size":12.12435531616211,"orthographic":false}